n_test,Accuracy,Precision,Sensitivity,Specificity
1,0.6964616161049739,0.8803986710963455,0.6061405823876133,0.8552428085369626
6,0.7228380127159174,0.910307045483501,0.6285739421131346,0.8901030284108649
30,0.7148412925364598,0.9411032766486935,0.5988387437318554,0.9303694017652828
50,0.7164395476949841,0.9461358313817331,0.6042051552740388,0.9334807757740728
100,0.707720036046861,0.9545581655480985,0.600598222926014,0.9384236453201971
